year,month,u2_min,u2_max,tmin_min,tmin_max,tmax_min,tmax_max,rs_min,rs_max,rh_min,rh_max,eto_min,eto_max,pr_min,pr_max,flow_next_month,flow_next_month_max,flow_next_month_min
1998,1,0.6515113030226061,0.9144018288036576,15.944931810820682,19.806803067996224,25.837910289364693,30.800594028019933,19.62181229362459,20.141211582423164,75.85725171450343,77.7749555499111,3.8270256540513072,4.330581661163321,172.4837488937041,269.74318674275946,135.5,240.09999999999997,74.4
1998,2,0.6053149606299213,0.8415354330708661,16.485183263649404,20.09781182287057,25.699789422284617,30.0068666646321,16.768011811023623,17.022876827896514,79.51349831271091,79.87104290535112,3.3697272215973,3.630202474690663,166.7203283791619,320.39857173375646,106.5967741935,163.40000000000003,67.6
1998,3,0.5581661163322327,0.9391668783337568,15.764242545361828,19.450937558145142,24.801324503311257,29.431159595068603,15.261391922783847,16.29222758445517,78.13055626111252,79.33705867411734,3.015557531115061,3.2821945643891284,139.14609210486165,221.71086764122435,70.7033333333,111.29999999999998,45.0
1998,4,0.6230314960629921,1.0098425196850394,13.424624368012534,17.255928220465712,22.816563412376272,27.17403688670512,13.489015748031498,14.19665354330709,77.03412073490813,79.09448818897637,2.399540682414698,2.707480314960629,44.16638691366308,90.88717307046718,100.8032258065,198.90000000000003,28.6
1998,5,0.6791338582677164,0.91249682499365,9.173770424020232,13.069891324572223,19.973847606315168,23.58019033705233,11.286931673863348,11.94230378460757,77.41935483870968,78.98780797561595,1.7698755397510793,1.953136906273812,78.59584337900932,125.9895626697592,60.4933333333,98.1,24.9
1998,6,0.6338582677165354,1.0334645669291338,6.844691305276649,11.023356832585629,18.06401766004415,22.22438225450402,11.102608267716535,11.308129921259845,77.29658792650918,79.2749343832021,1.5081364829396322,1.801574803149606,7.148197882015438,22.83165990173036,50.6129032258,58.89999999999999,44.39999999999999
1998,7,0.6581788163576328,0.8801117602235204,7.548659794423382,11.92152903639283,18.77641943064275,23.33541220169388,11.293688087376175,12.371577343154687,75.48532239921623,78.52108204216408,1.693103886207772,1.8656337312674625,9.755241554002453,31.96089053010646,49.4129032258,62.5,41.0
1998,8,0.7343789687579374,1.07251714503429,10.57504255363136,14.38336859369724,20.131520008820832,25.94582767674401,12.820215265430532,13.25473710947422,75.83185166370332,77.57175514351029,2.0926466852933703,2.461645923291846,11.039307840205057,48.30011902218688,69.27,127.0,31.6
1998,9,0.8622047244094488,1.1043307086614174,11.336110517695648,15.195115003916545,19.3841059602649,25.25621305988749,13.201023622047243,14.328307086614174,77.0172478440195,80.63320209973753,2.3995406824146976,2.644356955380577,110.5533005767998,174.95574816125978,94.7806451613,173.3,52.10000000000001
1998,10,0.932975615951232,1.223012446024892,11.654905555057852,15.523461350276683,19.26390831845966,24.982151594296777,14.468357886715776,15.254876809753622,80.18796037592075,81.18491236982474,2.649034798069596,2.9602489204978406,143.87035737174597,250.57489242225407,62.7033333333,91.29999999999998,42.7
1998,11,0.9173228346456692,1.3051181102362206,11.816064943388168,15.825464644306772,20.188350067649363,26.82681763156021,17.357273622047245,18.09015748031496,76.22047244094487,78.06430446194226,3.1817585301837266,3.6372703412073486,43.11578722495196,128.05348586775017,73.164516129,133.5,46.8
1998,12,0.8286766573533146,1.1868173736347472,14.50355245294981,18.381411471218584,23.200205360034733,28.84870891937896,17.908699517399036,18.38430276860554,75.67945135890271,77.68605537211074,3.477012954025908,3.940944881889763,142.70302438428908,213.09320352793964,157.5483870968,349.0,58.0
1999,1,0.7639065278130557,0.9353568707137414,16.011363714673593,19.77179538422311,24.496454438326523,29.62466663450737,16.45220980441961,17.580772161544324,80.53086106172212,81.48971297942596,3.429133858267716,3.599187198374396,223.7674336985381,367.2566911832026,162.14285714290003,251.0,92.0
1999,2,0.732916197975253,1.09251968503937,15.740379039887692,19.50819421979431,25.057374797814877,29.9916074098941,16.69507874015748,17.740987064116986,80.11811023622047,81.4679415073116,3.384350393700787,3.6539651293588298,182.74769585253452,317.1890926847133,103.5483870968,186.0,55.0
1999,3,0.786766573533147,1.047752095504191,14.720903308501772,18.600829709670528,24.057342310369307,29.083012314710807,16.44460883921768,16.974142748285498,77.44475488950977,79.08940817881634,3.0444500889001778,3.51003302006604,99.4247260963774,181.6541795098727,80.6,172.0,37.0
1999,4,0.7372047244094487,1.06496062992126,11.898241116570537,15.743858149967956,21.60200811792352,26.5684682760094,14.50615157480315,15.053149606299211,76.15485564304461,77.48031496062991,2.45498687664042,2.794488188976378,31.53172399060027,105.05702601484944,51.096774193499996,108.0,0.0
1999,5,0.7791465582931165,1.1410972821945644,8.381480383981918,12.11159043766496,19.106925043587324,23.723804535838084,12.58965265430531,13.10923291846584,73.81254762509525,75.32067564135127,1.887096774193548,2.2222504445008884,18.3545945616016,35.4319895016327,58.7,142.0,33.0
1999,6,0.6771653543307086,0.998031496062992,8.140710674357331,11.890550452182584,17.810225735241758,22.517482019511498,10.279212598425197,11.176102362204729,80.15748031496062,82.03412073490813,1.4944881889763777,1.7077427821522306,40.86867122409739,82.85145878475291,49.7741935484,81.0,22.0
1999,7,0.6877063754127508,1.0972821945643891,8.202376112079719,12.417425281336357,17.912115552921556,23.54104788747924,11.63446469392939,12.082921640843283,77.8511557023114,80.14351028702058,1.6361442722885444,1.966344932689865,1.826532792138437,44.13892025513469,40.903225806500004,99.0,-13.0
1999,8,0.7477139954279908,1.0763271526543057,6.6388833375829535,10.743396434453626,18.767185120356142,24.92454052415048,15.061233172466345,15.538646177292357,69.60883921767844,72.03771907543815,2.2106934213868428,2.633350266700533,1.5518662068544695,20.45922727134004,52.5333333333,101.0,-6.0
1999,9,0.8513779527559054,1.2677165354330708,9.26696574805953,13.359752189703055,20.317239906002992,26.11329488001139,16.012874015748032,16.968858267716538,69.24446944131982,72.64107611548556,2.750984251968504,3.137401574803149,39.32309945982237,124.49606311227755,51.5806451613,106.0,-42.0
1999,10,0.9505969011938024,1.489712979425959,10.644920095650916,14.524501933003013,19.29174907484615,24.81896617072448,15.190449580899164,15.76052197104394,74.9355927283283,79.000508001016,2.777813055626111,3.16002032004064,17.13232825708792,115.5247657704398,55.1666666667,97.0,16.0
1999,11,0.8710629921259843,1.4192913385826773,10.508153528448336,14.560492772199671,20.54126611122979,26.11130100405896,17.976456692913388,18.21470472440945,72.78215223097112,74.94750656167979,3.218438320209973,3.7618110236220463,48.16965239417712,138.7306588946195,71.7419354839,320.0,14.0
1999,12,0.9572644145288288,1.5201930403860808,13.406461260690092,17.678225634169706,22.9891944787094,28.785860479219355,19.085039370078743,19.47160274320549,73.96494792989586,75.97155194310389,3.637160274320548,4.238125476250952,113.91109958189644,213.5689652917351,149.5806451613,449.0,36.0
2000,1,0.9715519431038862,1.3468376936753874,14.84963235040762,18.75932906533619,24.11219686998229,28.826932486165763,18.640020955041912,19.53168656337313,78.38455676911354,79.63550927101853,3.713106426212852,4.041656083312167,215.30426953947568,385.4979857783745,113.5172413793,356.0,56.0
2000,2,0.8084442030953027,1.3358674993212056,14.8598884706333,18.834429719555946,23.29324709574288,28.30602803703895,16.339505837632366,16.892017377138206,81.00733098017919,82.13752375780614,3.159991854466467,3.5050230790116745,152.7146214178899,233.5386974700156,101.48387096770001,437.0,37.0
2000,3,0.7381889763779528,1.1658623317246637,14.022954841466188,18.067444921473907,22.40343599037978,27.5208977954807,14.44175450850902,14.991376682753367,80.70866141732283,82.34061468122937,2.72002794005588,3.046101092202184,121.21494186223948,248.45995971556744,77.6666666667,197.0,38.0
2000,4,0.7637795275590551,1.1830708661417324,11.404970447909992,15.31132948800114,21.90365306558428,27.0783308409884,16.477588582677164,16.998031496062993,75.48556430446193,79.3766404199475,2.6537401574803146,3.087926509186352,8.658864101077285,43.14325388348029,53.935483871,110.0,11.0
2000,5,0.701993903987808,1.137287274574549,8.822590982075791,12.42803784688962,20.266037722846647,24.50527527203313,13.472631445262891,14.114008128016255,74.54914909829819,77.34315468630936,2.004318008636017,2.336169672339344,2.4719992675557303,65.34318063905755,52.60000000000001,83.0,6.0
2000,6,0.6018700787401574,0.937007874015748,7.13978494623656,11.287402976571958,20.096062094993947,24.97108879868974,12.090944881889763,12.616062992125986,74.01574803149606,76.62729658792651,1.671062992125984,2.013123359580052,1.8517105624561052,12.205496383556564,64.4193548387,132.0,-5.0
2000,7,0.7058039116078232,1.0401320802641605,5.935904238824072,9.704605439973538,17.176540717106214,22.398198620366475,11.697806070612144,12.301358902717809,74.30784861569724,77.84480568961138,1.6031242062484123,1.933324866649733,39.61378826258127,76.73841059602644,51.6774193548,122.0,1.0
2000,8,0.8201041402082804,1.1868173736347472,7.599320520153538,11.50970636271544,18.583601518837305,24.02757199660949,13.666456057912118,14.512877825755652,73.55854711709424,76.39065278130556,2.1223647447294893,2.486410972821945,47.70271919919426,84.2196417126987,65.6333333333,137.0,19.0
2000,9,0.8553149606299213,1.360236220472441,10.402762942391227,14.314676351207009,18.597237057608773,26.616036459445983,14.143543307086617,14.703070866141733,77.54593175853019,79.91469816272965,2.435367454068241,2.9685039370078736,80.1133762627033,182.18977935117647,52.064516129,169.0,8.0
2000,10,0.846774193548387,1.3106426212852424,13.105519223215332,17.230292672505875,21.89706500540965,28.946840694365005,17.67198374396749,18.293815087630172,74.11734823469648,76.80975361950723,3.24504699009398,3.84023368046736,46.87871944334236,123.08496353038116,87.3666666667,204.0,15.0
2000,11,0.8562992125984252,1.423228346456693,13.29794203517767,17.385814996795556,21.586626789147623,27.56597593106886,16.860393700787405,17.30472440944882,77.80839895013123,79.94750656167979,3.168110236220472,3.669685039370078,190.98254341257973,331.3406018250068,108.9032258065,445.0,35.0
2000,12,0.8181991363982728,1.2477774955549912,14.572878692862703,18.35687852747208,23.37207379178697,28.41235330195505,18.048412496824994,18.65480060960122,77.68605537211074,80.01651003302007,3.529845059690119,3.878206756413512,212.8405102694784,349.2831965086825,88.6806451613,144.7,41.0
2001,1,0.9305943611887224,1.263017526035052,15.204670907098704,18.81804273969582,25.19605681168209,30.12001157734424,20.526327152654307,21.183810642621285,75.18415036830073,77.65430530861062,4.038354076708153,4.441198882397765,156.0292585310133,227.2225104525895,119.6178571429,197.3,48.3
2001,2,0.7835348706411698,1.065101237345332,15.794309605918846,19.456007568590348,26.41178624835963,30.4200872829371,18.96722440944882,20.12453599550056,77.73983609191707,78.72890888638919,3.866001124859392,4.054274465691788,158.73668630024108,214.0545365764336,82.5580645161,124.20000000000002,41.60000000000001
2001,3,0.7705740411480823,1.038227076454153,14.62511456746904,18.658165128763496,24.96450992688356,30.1274541557842,18.323314071628143,18.63115316230633,77.11455422910845,79.11480822961646,3.378778257556515,3.7973075946151886,130.92154454176455,217.22350230414747,53.8566666667,92.0,39.39999999999999
2001,4,0.7066929133858266,1.096456692913386,13.043438011820836,16.633269244463435,24.16157516200242,28.896745709606208,16.92397637795276,17.493228346456693,72.97900262467192,76.28608923884514,2.872112860892388,3.31994750656168,28.632618182927928,64.98219026982719,56.4258064516,91.29999999999998,42.7
2001,5,0.7953390906781813,1.133477266954534,10.260180137963353,13.8158030748875,19.77841100950307,24.0642335867026,11.86756096012192,12.383159766319531,77.40665481330963,78.93700787401575,1.897002794005588,2.171069342138684,56.04571672719504,89.73014007995846,43.1566666667,51.2,37.4
2001,6,0.6761811023622046,1.0511811023622049,8.929146193833226,12.302143416648864,19.558570106102685,24.001495406964327,11.719173228346458,12.40212598425197,76.33670791151106,77.54593175853019,1.6872703412073489,1.9636482939632545,8.28119754631183,19.79953699061333,44.0580645161,57.3,38.1
2001,7,0.7343789687579374,1.0420370840741682,7.275775096305587,10.909338368559242,19.451213209198475,24.487633604619912,12.550381000762004,13.0744856489713,74.712435139156,76.0985521971044,1.8037211074422144,2.1231902463804926,23.28485976744895,45.872753074739805,43.9322580645,61.60000000000001,32.1
2001,8,0.7553340106680213,1.0115570231140465,8.26474216289599,12.216200012404297,20.210218384547,25.771616211038445,15.099237998475996,15.55167640335281,70.24021190899524,72.19783010994594,2.323787147574295,2.715900431800863,42.278054139835774,78.33147679067353,52.5333333333,66.0,37.6
2001,9,1.0049212598425197,1.3169291338582676,9.920957060457166,13.74627928505305,18.955849889624727,24.738090151676992,15.155629921259845,15.641102362204723,73.07649043869516,75.68569553805774,2.553083989501312,3.0043307086614166,59.23642689291052,112.37468337046415,59.41612903229999,120.9,32.8
2001,10,1.054419608839218,1.4478028956057911,10.92050223621917,15.104471749212673,20.295256734499795,26.983378241484107,18.74263398526797,19.522999745999496,72.08534417068833,73.24104648209297,3.248348996697993,3.960756921513843,113.30511642811366,156.95135349589526,46.9866666667,85.9,31.1
2001,11,0.9360236220472442,1.3661417322834646,13.468133589688811,17.52225307982625,21.694438510289825,27.94993947162288,17.654429133858272,18.1440157480315,76.44356955380576,78.64829396325459,3.2781496062992126,3.893175853018372,106.74230170598464,183.058412427137,76.5322580645,123.0,36.0
2001,12,0.962979425958852,1.394462788925578,14.252985645471398,18.068823176740565,22.823941672237115,27.870423331105155,17.256645288290578,17.643027686055373,77.8765557531115,79.92760985521971,3.328422656845313,3.820421640843281,165.49348429822686,286.03189620218944,140.9032258065,329.0,68.0
2002,1,0.8915417830835662,1.303022606045212,15.37157761989098,19.105822439374,23.99780168284968,28.61964289406041,17.057753365506734,17.501143002286003,77.749555499111,80.96266192532386,3.387033274066548,3.853441706883413,217.2102594509284,374.3568224127933,135.7142857143,286.0,97.0
2002,2,0.8193897637795275,1.3308492688413949,14.7941526535844,18.51878414258248,23.34162419507431,27.70119327372052,16.165846456692915,16.493110236220474,79.40101237345331,82.17800899887513,3.0836614173228343,3.513217097862767,170.27497177037876,234.36441389202548,78.5161290323,128.0,57.0
2002,3,0.746761493522987,1.0572771145542292,14.97312402230017,18.820799250229136,25.57728221843968,30.58145144062132,18.74010033020066,19.340576581153165,74.37134874269749,77.8257556515113,3.5067310134620264,4.021844043688087,88.85120700704975,136.12475966673787,58.3666666667,74.0,45.0
2002,4,0.8316929133858268,1.1948818897637794,13.639891761019726,17.22146265043082,23.781599373353277,29.07932777896461,16.53649606299213,17.560551181102365,75.48556430446193,77.48687664041995,2.913057742782152,3.2807086614173224,24.76119266335033,118.25426496169928,54.935483871,70.0,41.0
2002,5,0.8020066040132081,1.2172974345948693,11.282432069243544,14.88532916181406,20.94551756930901,25.57259615053304,12.345154940309882,13.068935737871476,79.22275844551689,81.8484886969774,1.9564389128778257,2.266827533655067,47.13278603473009,90.81654451996565,44.2666666667,59.0,35.0
2002,6,0.610236220472441,1.062992125984252,9.802891120131026,13.103823969237345,20.726411735384172,25.753257850886563,11.877568897637795,12.718543307086616,76.01049868766404,80.25262467191601,1.73503937007874,2.0864829396325457,4.470198675496704,50.66225165562912,42.1612903226,65.0,33.0
2002,7,0.8953517907035814,1.2763525527051054,7.805025118702235,11.480349525535626,18.42096739737167,23.49253330209288,11.612928625857254,12.281813563627129,77.21615443230887,78.63855727711456,1.731076962153924,2.053848107696215,20.158238471633023,30.64077425458538,38.3870967742,55.0,27.0
2002,8,0.8820167640335281,1.1944373888747777,10.469399287442029,14.066094231312585,20.824782407949776,27.11017772601664,14.720456565913134,15.450330200660405,72.64414528829057,75.52070104140208,2.392303784607569,2.841376682753365,26.937925351725823,63.090914639728986,45.7333333333,58.0,34.0
2002,9,1.062007874015748,1.4625984251968505,9.670013529872534,13.49590543331197,18.558071637114573,24.8506017232785,14.705127952755904,15.13468503937008,75.26246719160105,78.30708661417322,2.4865485564304457,2.995800524934382,64.26511429181798,95.7710882900479,34.5483870968,56.0,19.0
2002,10,1.0677546355092709,1.394462788925578,13.10379640413201,17.12995568909318,25.03314703916313,31.09581630613806,18.64762192024384,19.58525527051054,68.36423672847344,70.63754127508255,3.7065024130048254,4.246380492760984,38.69365520187992,90.32067323831902,69.5666666667,154.0,48.0
2002,11,1.0580708661417324,1.608267716535433,13.698924731182794,17.565263832514418,23.879624825790177,28.873104037598804,18.11521653543307,18.521023622047245,75.0,77.88713910761155,3.508464566929133,4.114960629921259,136.4886928922391,223.00180059205903,97.1290322581,297.0,46.0
2002,12,1.0610871221742444,1.4249428498857,14.898009110267314,18.85470432978892,23.89195167837035,29.81651976762616,18.03194373888748,18.67603505207011,76.11125222250445,80.24511049022098,3.5645161290322576,4.069723139446278,104.3733024079104,299.6063112277596,121.3225806452,272.0,53.0
2003,1,0.7610490220980441,1.1868173736347474,15.47549806699699,19.246404476573108,23.814769383437508,28.765186650219487,16.012620650241303,16.516818008636015,80.87376174752349,83.57251714503428,3.2087249174498345,3.531496062992125,291.0422070986053,396.3558992278817,71.0714285714,133.0,37.0
2003,2,0.8004077615298089,1.2865579302587178,15.365611743522448,19.597918637653738,27.04412976470229,32.07480086672567,22.69242125984252,23.252042322834647,71.27390326209223,73.2705286839145,4.396091113610797,4.9609111361079865,57.81044953764456,89.76447340311897,77.3548387097,122.0,46.0
2003,3,0.922021844043688,1.2973075946151893,14.64464641353368,18.443984260324857,23.76404958962449,28.495324269007863,15.433680467360936,15.890462280924565,78.32105664211329,80.30861061722123,2.956946913893828,3.321818643637287,136.80455946531566,266.8609042634357,50.10000000000001,59.0,42.0
2003,4,0.7696850393700787,1.124015748031496,12.838496047853024,16.446699423200172,22.93932920316172,27.60015666168198,14.743090551181105,15.552834645669291,76.67979002624672,78.93700787401575,2.594881889763779,2.8917322834645662,25.70879238258001,70.14469588305306,38.2580645161,53.0,25.0
2003,5,0.893174643492144,1.2458724917449835,8.942568103038363,12.29765489866378,20.319927503772973,24.533942981579617,13.304143383286767,13.65939801879604,75.22225044450089,79.07035814071628,2.0282575565151126,2.3592837185674367,19.93392742698444,49.85370189519941,33.6666666667,43.0,20.0
2003,6,0.7320022497187851,0.998031496062992,9.094485305337686,13.056540625222532,20.73253578295236,25.77319661041088,12.788671259842522,13.122480314960631,76.85039370078741,80.19028871391076,1.8288713910761152,2.118897637795276,1.8265327921384276,12.89755808326323,36.5806451613,60.0,18.0
2003,7,0.8368409593962045,1.0744221488442978,7.318766815944839,11.28518857977686,19.88729317556905,24.727725672071724,12.616256032512068,12.955041910083825,72.61874523749047,76.84785369570739,1.890870496026706,2.2024384048768098,13.12219611194188,128.00492873928033,29.0967741935,43.0,20.0
2003,8,0.9677419354838708,1.0839471678943358,7.296793489122121,10.960885115532246,17.991778707334383,23.75605570907788,13.356083312166623,13.735407670815343,73.27914655829312,75.70485140970283,2.065405130810261,2.384048768097536,24.390392773216927,44.245353556932265,29.6333333333,42.0,21.0
2003,9,1.2076771653543306,1.409448818897638,10.186641031118707,14.025279498682616,19.4066082745852,26.25713878800826,15.18031496062992,15.442125984251971,72.54030746156731,74.95406824146981,2.643503937007874,3.154461942257217,14.50926236762595,56.37874996185188,49.5483870968,108.0,25.0
2003,10,1.1915798831597662,1.4535179070358142,11.774262461150432,15.761623860355176,20.804659881056573,27.420560812068,16.70557531115062,17.40486410972822,72.69313110054792,75.29527559055117,3.1146177292354587,3.6322072644145287,114.21094393749804,247.13126010925623,52.0333333333,74.0,32.0
2003,11,1.1591676040494936,1.4881889763779528,13.108096560563984,17.11607206437371,22.62515132094282,27.789574877163,16.878346456692917,17.39,76.95538057742782,78.87795275590551,3.2534120734908134,3.7703412073490807,108.58943449201932,182.37517929624315,52.8709677419,94.0,25.0
2003,12,1.155793025871766,1.4401828803657608,14.745849728828276,18.67801200460337,23.589286821812266,29.062889787817603,17.561226822453644,18.018008636017274,78.46075692151383,80.30226060452121,3.446469392938786,3.973964947929896,103.6751915036469,188.27707754753257,87.03225806449998,185.0,50.0
2004,1,1.1010922021844043,1.4077978155956312,14.160504717078648,18.1790835980732,22.763436266030837,27.608003528333484,17.03495046990094,17.6242062484125,78.73471461228635,80.53403606807214,3.33502667005334,3.68008636017272,151.5678884243293,254.79102450636304,119.1379310345,281.0,56.0
2004,2,0.9265544393157752,1.2971762150420854,14.059735246668485,17.656667820757427,22.99004044228687,27.73350079926924,17.2263100733098,17.493279934835734,79.75834917187075,81.55715449361932,3.234116209611729,3.655036654900896,217.64236884670547,295.0262459181493,82.2903225806,212.0,56.0
2004,3,0.9286893573787146,1.213487426974854,12.877900365926774,16.6789905658427,22.70968431063117,27.34834023609513,16.738150876301752,17.045085090170183,79.19735839471679,80.30226060452121,3.017208534417068,3.3895097790195576,66.92938016907254,189.95426038392284,84.2333333333,139.0,54.0
2004,4,0.8338020247469066,1.2145669291338583,13.271238339386173,17.19867549668874,22.54083885209713,27.133589688812933,13.83984251968504,13.965511811023624,80.87926509186352,83.3530183727034,2.394422572178477,2.756955380577428,91.25797296060064,177.60628070925017,65.8387096774,99.0,51.0
2004,5,0.9001143002286005,1.2954025908051816,9.844842913355984,13.375588342716956,18.7476138955696,22.941231195429708,10.873825247650498,11.145288290576584,82.30886461772924,83.23596647193295,1.7162179324358644,1.9613919227838448,70.56871242408516,123.13989684743794,73.0666666667,172.0,47.0
2004,6,0.7440944881889764,1.0275590551181102,7.624724061810155,11.473687958413445,18.744499038666948,22.939044363739946,11.068572834645671,11.407992125984252,79.61942257217848,82.71653543307087,1.5524934383202096,1.7981627296587923,58.36493270668656,86.28307443464459,68.3225806452,175.0,40.0
2004,7,0.877254254508509,1.23253746507493,7.457429140451103,11.143503938364423,17.28321767474554,21.85764690478324,11.614195453390908,11.995148590297182,80.40386080772161,82.44221488442977,1.624587249174498,1.892049784099568,71.09744560075686,147.99378948332162,40.7096774194,50.0,34.0
2004,8,0.8953517907035813,1.0858521717043434,7.4260049203713026,11.546781429388536,18.893295477255347,25.03783310706976,15.645783591567184,16.236487172974346,72.98704597409194,74.65709931419863,2.337820675641351,2.730759461518923,0.2952665791802641,11.755729850154095,35.9666666667,47.0,24.0
2004,9,1.0423228346456692,1.3700787401574803,10.783878088727477,15.044434949797052,21.49092074343089,28.95485295164851,17.47976377952756,18.11933070866142,69.10761154855642,71.56167979002623,3.0725721784776896,3.725984251968504,15.33326212347788,73.31194494460885,50.2903225806,62.0,36.0
2004,10,1.0744221488442975,1.4287528575057151,11.352378524026436,15.27454844911826,19.850080283369284,25.4998242724535,15.05508001016002,15.49448818897638,78.20675641351282,79.73710947421895,2.71507493014986,3.191389382778765,104.82879116183965,142.0663864776844,58.3,142.0,35.0
2004,11,1.0649606299212595,1.4015748031496065,12.924802392651142,16.949441002634764,21.591469059317813,27.551733959980066,18.26183070866142,18.782834645669293,74.750656167979,76.24015748031496,3.3984251968503933,3.981889763779527,123.51069673757128,183.93145978750397,69.7741935484,94.0,45.0
2004,12,0.9615506731013462,1.2592075184150369,13.598590044862208,17.564933051250424,22.317984163846987,27.90239885329162,17.991405257810516,18.4994030988062,79.09575819151638,79.9022098044196,3.372999745999492,3.876555753111506,101.1597033600878,230.8641315958128,135.2935483871,244.2,45.89999999999999
2005,1,0.7497550709387133,1.0058420116840234,15.476600671210315,19.51488860251808,23.303987981614075,28.16757516659661,16.112700025400052,16.541249682499366,81.96777822127072,83.26136652273304,3.1624968249936494,3.4654559309118613,203.45240638447208,346.8403805658131,113.0071428571,199.7,69.4
2005,2,0.8531355455568055,1.157902137232846,13.406628620258187,17.432935575426495,23.882412182988983,28.89568773461104,20.073242407199103,20.308070866141737,74.92125984251967,75.63273340832396,3.688695163104612,4.099971878515185,54.36338389233069,198.74776015939383,84.4096774194,117.1,50.3
2005,3,0.8401066802133603,1.0839471678943358,14.724624597721744,18.724872683669744,23.611752382658796,28.44598273046151,15.781153162306326,16.383439166878336,78.51155702311405,79.99745999491999,2.9751079502159,3.3152146304292605,91.86910611285744,197.013191625721,125.0933333333,349.9,60.2
2005,4,0.749156355455568,1.0767716535433072,13.714804528946807,17.714234850103253,23.32386242255928,28.160150964893543,15.22351377952756,15.462322834645672,78.00524934383202,79.67847769028872,2.6605643044619423,3.028215223097112,60.6875820184942,278.58401745658745,82.47096774190001,196.0,49.2
2005,5,0.5557848615697231,0.8267716535433071,9.97515694881849,13.927717402540123,21.25851934036703,25.626623756986035,13.26487172974346,13.390287655575312,77.55905511811024,79.50850901701803,1.9498348996697987,2.238760477520955,80.11239531061301,120.31279292319358,57.6933333333,74.6,47.2
2005,6,0.4611220472440944,0.7559055118110236,8.518621377198604,12.498540197963395,20.55194758954639,24.713024282560703,12.301702755905517,12.525551181102363,79.09448818897637,80.8267716535433,1.650590551181102,1.9158792650918632,17.64503921628467,39.630954924161486,54.4193548387,73.3,42.0
2005,7,0.6296037592075183,1.0001270002540006,7.34937392754512,11.482416908435612,18.82796617761576,22.94012859121638,12.071520193040389,12.20985775971552,77.52095504191007,79.89223121303385,1.6691643383286765,1.958089916179832,25.72939237647617,87.45384075441754,42.7741935484,49.8,35.0
2005,8,0.5981711963423926,0.9582169164338328,8.17288144937324,12.23770079456416,21.826084859176767,26.97510870988416,15.929010033020068,16.244450088900177,69.57073914147828,70.58991617983236,2.4121158242316483,2.857886715773432,5.810179230846363,21.787926877651277,59.0166666667,87.6,40.0
2005,9,0.8823818897637795,1.1200787401574803,10.827458520259205,14.834793135369932,18.73395998006124,24.5506658121484,12.886850393700788,13.253385826771654,79.23228346456692,80.21653543307086,2.245997375328084,2.617060367454068,78.75377666554763,150.80765055434696,66.8741935484,108.70000000000002,38.0
2005,10,0.8162941325882651,1.0496570993141985,13.30433254543074,17.68980297840963,21.478764531978968,28.10582933065033,15.07010096520193,16.15685801371603,75.18777894698646,78.5242570485141,2.9098933197866392,3.245872491744984,103.49436933500158,181.46362956633195,74.4,103.79999999999998,44.60000000000001
2005,11,0.9916338582677164,1.3700787401574803,12.58826461582283,16.650074770348215,21.448337249875383,26.94274727622303,17.25909448818898,17.63984251968504,76.8278965129359,77.63123359580052,3.2209973753280834,3.6748031496062974,63.08404797509686,191.90610980559703,87.2677419355,128.7,55.39999999999999
2005,12,0.8834455168910338,1.2877825755651513,12.934133180806416,17.1528347265197,22.425488074646307,27.560040245053784,17.493180086360173,17.977470154940313,78.20675641351284,79.36245872491745,3.2912750825501647,3.769240538481076,124.90462965788744,249.1174428540909,87.1935483871,215.0,38.0
2006,1,0.7105664211328422,0.9334518669037338,14.60058162372253,19.047935718174365,24.439394670286884,29.20650398660336,19.677552705105413,20.59003048006096,74.16996262563953,75.27305054610109,3.8303276606553207,4.160528321056641,117.9418317209387,193.47514267403184,165.39285714290003,318.0,77.0
2006,2,0.641169853768279,1.0587739032620924,15.540787987914667,19.540849024933625,24.90142521439253,29.459364604632707,16.835334645669292,17.59031214848144,79.38695163104612,81.320303712036,3.292955568053993,3.648481439820022,206.50978881191435,325.3734702597124,92.0,165.0,64.0
2006,3,0.7062801625603251,1.022987045974092,14.87016835388082,18.905699774655265,24.535596887899608,28.998938743444675,17.068973837947677,17.502409829819662,78.81998621140099,80.25781051562103,3.187261874523749,3.5116840233680464,126.17300071064528,215.2630695516831,71.8,106.0,47.0
2006,4,0.719488188976378,1.1062992125984252,11.808018229722991,15.948515274513992,22.16784162928149,26.72626931567329,14.709055118110236,15.006771653543309,76.88976377952756,78.62204724409449,2.4660761154855644,2.8473753280839893,26.010925626392407,94.00807214575636,53.2903225806,71.0,38.0
2006,5,0.6072199644399289,0.9486918973837948,8.708953835339845,12.17319844808457,19.095347699347396,23.28579501209419,12.532645415290832,12.990513081026164,76.93675387350774,78.752857505715,1.818580137160274,2.0819151638303275,20.922727134006777,63.657414471877146,44.7,49.0,37.0
2006,6,0.6289370078740157,0.9822834645669292,7.487075411236916,11.233710745567189,19.075909705903296,23.68418429110589,12.16948818897638,12.46402559055118,75.66929133858268,77.749343832021,1.6326771653543306,1.9397637795275589,7.086397900326546,23.765526291695902,43.0322580645,59.0,29.0
2006,7,0.4962534925069849,0.7467614935229869,6.30858446292838,10.529077740488315,20.185961091853823,24.876301589817448,13.141989458978918,13.468288036576077,73.31724663449326,73.86969773939548,1.7541910083820165,2.0488950977901954,27.351641895809784,51.72658467360449,33.8064516129,56.0,23.0
2006,8,0.7686690373380747,1.1087122174244348,7.795239506308963,12.1738875757179,20.57393994941803,26.14539903935608,14.9497523495047,15.564163703327408,69.71406799956456,70.90424180848362,2.3502032004064004,2.7555245110490216,7.841731009857425,37.68425550096134,40.892,58.0,28.0
2006,9,0.9734251968503936,1.330708661417323,9.036530655842768,13.270739870398064,20.0574663533433,25.83899451684113,15.4460531496063,15.709173228346458,71.86679790026247,74.40944881889763,2.5931758530183724,3.023097112860892,67.51991332743313,105.314035462508,46.903225806500004,70.0,24.0
2006,10,0.9058293116586232,1.2192024384048767,12.008496943718946,16.273507866391935,20.33577743933954,27.28604309804219,15.34753619507239,15.69718059436119,77.68968395079648,79.01955803911608,2.7959740919481835,3.2954025908051814,63.784447767571095,142.74618627626228,71.5333333333,168.0,32.0
2006,11,0.984251968503937,1.3228346456692914,12.958484654276152,17.047995442569253,21.468845688243253,26.95983764152959,16.99466535433071,17.357834645669293,76.85695538057743,78.64173228346456,3.1843175853018364,3.598031496062992,136.9968260750144,313.6672784901185,114.2580645161,202.0,64.0
2006,12,0.9226568453136906,1.4439928879857762,14.908070373713915,19.28416867087953,22.827938612510422,28.7163964137798,17.169596139192283,17.41499872999746,80.92456184912369,83.41376682753366,3.292100584201168,3.765938531877064,177.14621417889944,296.36524552140867,130.8064516129,249.0,54.0
2007,1,0.8763017526035053,1.283972567945136,15.16580410857895,19.763525852623165,22.930756455403102,28.101970215903687,15.03505207010414,15.51222377444755,82.10566421132843,85.47117094234189,3.0064770129540257,3.3977647955295907,190.2772388596541,266.1941020800544,83.5714285714,133.0,50.0
2007,2,1.0025309336332957,1.2443757030371203,14.370708334604938,18.98998992889188,24.96093630787072,30.652638325144203,20.17903543307087,21.369808070866146,75.95613048368953,78.85826771653544,3.916268278965129,4.310179977502812,79.57090975676738,156.10479184196643,56.9677419355,110.0,33.0
2007,3,0.9405956311912624,1.0591821183642367,14.07560419265252,18.23118164715287,25.55109536837318,31.0839633108448,19.09734569469139,20.23387096774194,73.10316049203527,77.10185420370841,3.6627508255016505,4.010287020574041,82.36760416621244,120.37949766533391,49.8666666667,70.0,35.0
2007,4,0.9153543307086612,1.1358267716535433,13.45702485223955,17.546464430677204,23.003845332193976,28.05077262693157,14.672401574803152,15.456338582677166,78.91826021747282,82.13123359580052,2.6469160104986877,2.9104986876640413,62.974181340983336,123.66863002410958,45.3225806452,51.0,41.0
2007,5,0.926784353568707,1.2096774193548387,8.755676688879547,12.47600113016932,19.164260462680293,23.78582602283769,12.34515494030988,12.66692913385827,79.38785877571755,81.49352298704598,1.8714122428244853,2.1677673355346707,36.55125583666495,76.97187719351783,41.9666666667,60.0,33.0
2007,6,0.735236220472441,0.9606299212598424,7.602862636188848,10.902584917752616,19.74969735811436,24.98305205440433,13.028228346456697,13.256876640419948,75.40682414698162,79.06561679790026,1.7503937007874013,2.064304461942257,17.38181707205416,46.154286324655885,56.7096774194,165.0,30.0
2007,7,0.9041148082296164,1.1601473202946406,7.256341697045709,10.89624494352599,17.81963462452881,23.08043497736216,11.725857251714505,12.00986791973584,76.17475234950469,78.37947675895352,1.698882397764795,1.9564389128778248,90.82243023250746,129.6769615771965,32.2903225806,42.0,22.0
2007,8,0.9178308356616712,1.1849123698247397,7.692835139996278,11.55877225020846,18.93105967156177,26.4789368138873,15.6997142494285,16.063716027432054,70.09144018288036,73.3502667005334,2.3246126492252976,2.862839725679451,0.1441999572740823,15.392119248895863,22.9,30.0,17.0
2007,9,1.1299212598425197,1.3138357705286838,9.812362030905078,14.012746564124477,20.873104037598804,28.71416364024781,16.908267716535434,17.848543307086615,66.91976002999624,71.7979002624672,2.968503937007873,3.5383202099737527,9.290597247230409,55.919173907546345,46.4516129032,152.0,20.0
2007,10,1.0648971297942595,1.367792735585471,11.8996836904163,16.31127206069836,21.094506963634736,29.642859604027265,17.95720091440183,18.52980695961392,71.0475706665699,74.8793497586995,3.2640335280670554,4.015240030480061,95.52903836176642,159.53150273140656,76.2,126.0,35.0
2007,11,1.2352362204724412,1.6712598425196852,12.543544826604002,16.574022644734033,21.473687958413446,26.90657266965748,15.951535433070868,17.60992125984252,79.84251968503936,81.2257217847769,3.061482939632546,3.6662729658792648,148.9654225287637,215.82785271767324,59.6129032258,106.0,31.0
2007,12,1.0106045212090424,1.3144526289052578,13.980228928199791,18.05035455616735,23.82979236584408,29.295814927882795,19.67936245872492,19.984124968249937,77.88925577851155,80.00381000762002,3.7519050038100072,4.208407416814833,103.85830256050292,154.7883541367839,74.4048387097,128.72,37.18
2008,1,1.0172720345440691,1.4478028956057911,13.973888953973166,18.1258829447802,22.99773966136268,27.56445066190709,16.867729235458473,17.185702946405893,80.89190464095213,82.83718567437134,3.292100584201168,3.6024892049784096,192.63054292428356,258.9779732657857,148.4175862069,203.71,86.53
2008,2,0.9265544393157752,1.1994298126527287,14.324341247449336,18.415715769545265,23.92176001296511,28.958408533396195,17.290150692370354,17.80203638338311,82.16128156394244,83.95329894108063,3.2588243279934828,3.69562856367092,153.07168797875912,302.49129132533164,123.35903225809999,250.7,53.57
2008,3,0.9608839217678437,1.1658623317246637,13.639386400755283,17.68621951471632,23.51679059478606,28.1736394897699,16.604229108458217,17.55254000508001,80.65423273703689,83.22072644145287,3.1137922275844545,3.3647447294894586,119.84618671224098,290.56879961982656,113.6603333333,219.59,72.9
2008,4,0.805511811023622,1.0334645669291338,12.6715801466923,16.731538844976146,21.904222744427827,26.747917111728263,13.461338582677168,13.97523622047244,82.4015748031496,84.85301837270342,2.3159448818897634,2.586351706036745,124.61279641102324,201.98980681783496,69.4838709677,108.24,51.46
2008,5,0.983798396168221,1.1144272288544577,8.591457573857253,12.122616479798223,19.69792090193025,23.789133835477667,12.730270510541022,12.945631191262384,79.59105918211836,81.14554229108458,1.9003048006096008,2.123190246380492,22.600482192449675,55.1118503372295,60.33466666670001,86.28,43.60000000000001
2008,6,0.9007311586051744,1.110236220472441,8.74606565548672,12.569750053407391,18.29687388734601,23.28711813715018,10.89185039370079,11.23482283464567,81.86351706036746,83.2992125984252,1.592463442069741,1.8578740157480311,39.06960509048734,63.85998107852416,39.6503225806,46.16,33.02
2008,7,0.8545847091694183,0.9482156464312927,5.915368235350869,9.095003135530732,19.65891627788383,24.662947674538803,14.425285750571504,14.807867665735332,73.22834645669292,75.0988787691861,1.975425450850901,2.2404114808229614,0.0617999816888924,3.582437033775254,49.3767741935,89.02,37.12
2008,8,0.9947929895859792,1.1296672593345187,9.303257506322744,13.218191591264617,20.19464410003377,26.14098862250277,14.608432816865635,15.116973583947168,74.79044958089916,77.13269712253711,2.338646177292354,2.7192024384048765,48.32758568071532,104.15847390013472,40.08,55.82,29.46
2008,9,1.1700787401574804,1.437007874015748,9.277362386954357,13.188706116926584,19.182439649647517,25.67122409741508,15.338149606299211,16.128070866141734,73.32020997375328,76.12485939257593,2.623031496062992,3.176640419947506,32.49305703909417,117.9881817072054,57.765483871,88.4,37.76
2008,10,1.2066838419391124,1.3868427736855475,12.471452887789347,17.21899097931928,21.17678880305421,28.30209288062242,16.11414782829566,16.611830073660148,76.08585217170433,78.87804347037265,3.042799085598171,3.571120142240284,75.58824427014983,195.65702536088136,93.22833333330001,141.05,41.88
2008,11,1.299493813273341,1.452755905511811,12.962401196325567,17.49092074343089,20.78181300291961,27.761375774407178,17.09751968503937,18.149251968503936,78.4776902887139,81.31046119235096,3.200524934383202,3.79763779527559,93.519394512772,323.9692373424482,105.0503225806,226.84,46.60000000000001
2008,12,1.0210820421640845,1.23253746507493,13.230458063137874,18.263543080814,21.96322125820923,28.662093156273475,17.954305308610618,18.90478790957582,76.83515367030734,80.37301788889292,3.36686744802061,4.021844043688087,117.68776512955102,237.88088189772807,130.4316129032,292.81,84.67
2009,1,1.0420370840741682,1.2706375412750828,15.288252244341033,20.525480494242338,23.424132462144744,28.715293809566468,15.902768605537211,16.26978663957328,80.49276098552197,82.63180812075909,3.132424979135672,3.562865125730251,134.47676015503404,302.1597295188103,177.2385714286,343.19,93.66
2009,2,1.0063474208581071,1.126265466816648,15.537256560389592,20.799737540818505,25.48097170934172,30.531479842524494,18.80452755905512,20.209891732283467,78.50112485939258,80.67116610423696,3.828137554234292,4.152249718785152,162.3828852198858,262.8166840331518,116.18935483869998,165.78,81.46000000000001
2009,3,1.0648971297942595,1.1906273812547623,15.759497409372331,20.358160304870065,24.76249708351341,29.82837276291942,16.538354076708156,17.085623571247147,78.18135636271273,81.21666243332486,3.2060125548822525,3.581026162052324,85.51744132816549,190.68384350108337,90.4576666667,115.81,68.97
2009,4,1.0429133858267716,1.1830708661417322,12.608915473901588,16.09748629210283,21.908210496332693,26.421491134373,15.546850393700788,16.60282152230971,79.81627296587926,82.57967754030746,2.64520997375328,2.8814960629921256,54.14365062410352,118.31263161107212,63.83580645159999,76.15,48.230000000000004
2009,5,0.9753619507239014,1.1017272034544068,10.621125502940114,13.8472272949673,20.801489893943263,25.35538312050775,13.537782575565153,14.273266446532894,79.62915925831851,82.38506477012953,2.067056134112268,2.3031496062992125,36.74123355815299,72.17256909172555,57.1916666667,78.55,44.21
2009,6,1.019291338582677,1.141732283464567,7.307077242347483,10.14249092074343,18.08623513494268,22.02300078330841,12.064763779527562,12.61456692913386,79.90813648293963,82.21597300337457,1.6574146981627291,1.849343832020997,31.47221289712208,68.4709463789788,70.8658064516,139.28,46.559999999999995
2009,7,0.9822199644399288,1.114427228854458,9.43602286722381,12.763505178794164,18.106725196573656,22.975963228149485,10.61466852933706,11.450774701549404,82.39413621684386,85.17181320076926,1.6113792227584454,1.7929895859791716,83.97244178594312,145.247614106527,56.39645161290001,87.92,40.88
2009,8,1.1228092456184913,1.4306578613157228,9.309439965661754,12.325082178470272,19.557752341311136,24.736822156831668,14.288468376936756,14.832359664719329,75.01905003810008,78.89890779781558,2.2693040386080767,2.6416052832105663,35.42741172521135,103.37935270241395,58.92,78.04,46.559999999999995
2009,9,1.1326771653543308,1.4488188976377954,12.215694652139856,15.886989959410382,21.01523890906501,26.56505020294809,14.143543307086617,15.321692913385826,79.08136482939632,81.87007874015748,2.629855643044619,2.962248468941382,73.87157811212498,114.95973736642702,103.5125806452,214.71,50.63
2009,10,1.1913893827787656,1.503048006096012,13.17160656325158,16.699664394842568,21.80871884281688,27.257926690602368,16.345796291592585,17.85416560833122,81.2964911644109,84.51866903733807,3.1270002540005075,3.4643552620438576,93.75057222205264,235.39416834881783,86.3103333333,144.69,52.940000000000005
2009,11,1.1299212598425197,1.5846456692913389,16.015737378053124,19.563982055116423,25.804813786228017,30.805739514348787,19.2436220472441,21.15746062992126,77.65279340082489,79.81064866891639,4.039895013123359,4.357217847769029,146.6496398815882,190.13107699819943,217.2661290323,429.26,73.75
2009,12,1.1459958634202982,1.3106426212852424,15.315896107118,18.95504131320162,23.4578012693731,28.584635210287296,16.735979171958345,17.456804038608077,82.55016510033019,84.65836931673864,3.3259461518923032,3.678985691304716,329.6067690054018,495.8109530930509,298.4522580645,932.7900000000001,149.35
2010,1,1.0001270002540004,1.1258572517145036,16.362070611955183,20.54086182301824,25.596026490066222,29.64644306772057,13.465392430784862,16.898133096266193,79.60557349686128,82.57556515113029,3.0453935193584667,3.693294386588773,294.23314615314183,415.1448103274635,140.9267857143,220.39,107.03999999999999
2010,2,1.0382853928973164,1.1431383577052867,15.726253329787372,19.50209051789911,27.127794078537203,31.138798181096835,14.69783464566929,20.09488188976378,75.56042101880122,77.9246344206974,3.2536557930258714,4.299212598425196,129.65865047151092,184.1845454268013,163.0380645161,262.48,88.82
2010,3,1.0175441779454988,1.2744475488950977,14.84213070388481,18.72349442840309,24.289991799381163,29.1475146611904,13.416891033782068,17.207239014478027,80.0736601473203,82.47396494792989,2.6837058674117347,3.521590043180085,188.5448774681844,326.5648365733817,150.1916666667,360.01,86.72
2010,4,1.0905511811023625,1.2002249718785152,12.58769493697928,15.94082461012604,22.604927721996724,26.733105461795912,14.735236220472444,15.928346456692916,79.03637045369328,82.84120734908137,2.536023622047244,2.751837270341207,61.87551499984738,179.28518021179843,82.084516129,133.0,72.16
2010,5,1.0066040132080265,1.173006096012192,10.104023816251008,13.156721406371672,21.01884074949521,24.91930315413718,13.462496824993652,14.137896875793754,78.84175768351535,82.1488442976886,2.070358140716281,2.285538904411142,19.43952757347327,60.563982055116384,67.7916666667,76.98,58.82
2010,6,0.9275590551181102,1.0826771653543308,6.901303140354624,9.53905860571103,18.88250373851741,23.67193619596952,13.143425196850394,13.77177165354331,77.9827521559805,80.28683914510687,1.7179790026246713,1.9721784776902884,6.5439313943906825,68.87951292458874,79.0706451613,164.96,55.35000000000001
2010,7,0.9584890598352624,1.1544323088646178,8.529741271952407,11.705969912687529,20.37133642521932,25.128246652562524,12.930429260858524,13.6246507493015,77.6987553975108,79.95754562937698,1.8788417576835152,2.1892303784607567,40.224921414838114,171.48636585589156,49.67677419350001,59.63,40.17
2010,8,1.0401320802641607,1.1963423926847854,7.550737022003846,10.107745105470984,19.998518375588347,25.77464837262509,15.410877571755147,16.78158496316993,70.14405457382342,73.10134620269241,2.37992125984252,2.843027686055372,2.760399182103924,29.64339121677294,48.3996666667,69.2,37.09
2010,9,1.1633858267716537,1.3700787401574803,10.368867051199883,14.084241258990245,21.04044719789219,27.1968240404472,14.17234251968504,15.541614173228348,72.56092988376453,76.35826771653542,2.5684383202099736,3.128302712160979,31.929990539262064,96.89942843191534,52.8703225806,64.86,42.95
2010,10,1.2885445770891542,1.5525781051562104,11.367608244723003,14.974364452040165,20.878258712296105,26.696976797072587,16.04175768351537,17.81531623063246,76.62288181719221,80.86650459015202,2.8917322834645667,3.521039708746084,46.45985290078437,88.42302141963387,61.8333333333,89.0,29.0
2010,11,1.202755905511811,1.2933070866141734,13.015951007619456,16.814142277291175,22.383180232144127,28.263832514419995,17.95812992125984,19.170314960629923,77.96587926509186,80.83989501312337,3.348097112860892,3.944356955380577,61.78624835963012,187.73117770928067,131.4516129032,200.0,96.0
2010,12,1.1178562357124715,1.293021336042672,15.730888767908706,19.54410761417122,24.696852754098582,29.92181846999883,18.4501778003556,19.156705613411223,81.02253347363838,84.38849377698754,3.585979171958344,3.970662941325882,157.58308664204844,588.1744590594194,171.1241935484,267.84,76.8
2011,1,1.0115570231140465,1.1696723393446786,16.370812688217985,20.12242352406089,25.81737428589149,30.025738917104835,17.643027686055373,19.258051816103634,80.98261910809536,84.23926847853694,3.714757429514859,3.880683261366522,249.37494277779467,376.5129551072724,104.9242857143,190.13,65.27
2011,2,1.0428049172424874,1.138920134983127,15.6525293304675,19.298837244788963,26.81646168401135,31.62587359233375,18.535236220472445,21.1496062992126,75.94206974128234,81.1164229471316,3.972019122609673,4.223050243719535,134.14716025269323,314.7816400646992,197.8441935484,408.09000000000003,137.87
2011,3,1.126945825320222,1.233013716027432,15.11990820819924,18.88447464354873,23.150725995961714,27.29596653596213,12.190601981203962,13.726720853441709,83.17972350230414,87.44390822114978,2.53759207518415,2.7022206901556656,144.87289040803242,613.2137516403698,144.08,283.63,83.69
2011,4,1.0056242969628797,1.0538057742782152,13.426262194687745,16.924659972940255,23.35434024068931,27.769351278216902,14.082017716535434,15.31196850393701,79.71316085489313,84.4400699912511,2.586351706036745,2.8064304461942253,72.32886745811331,171.43143253883477,79.01612903229999,101.36999999999999,63.99
2011,5,0.939547879095758,1.0668021336042672,9.793296166382977,12.7472417666476,19.839192066762685,24.164019268008627,12.248876047752097,13.13413512827026,79.14655829311657,83.57463381593429,1.863157226314452,2.1182372364744726,14.68779564806053,96.260338145085,68.6363333333,91.31,58.88
2011,6,0.8996062992125984,1.045275590551181,6.74108096560564,9.250658691162858,18.53585416221605,22.905433311970377,11.51365157480315,12.563251968503938,78.68203974503187,81.67979002624672,1.611351706036745,1.8578740157480311,36.40705587939084,88.53190710165711,54.1683870968,59.18,49.12
2011,7,0.8191516383032765,0.9944119888239776,7.748309914479261,10.7841927903467,19.28568475167286,24.3522889374341,10.998517272034546,12.08925577851156,77.34496897565224,80.04281722849159,1.7294259588519174,1.977901955803912,2.815332499160718,20.86779381694996,51.286129032299996,58.34,46.190000000000005
2011,8,1.1296672593345187,1.3449326898653795,9.268308890632492,12.68301507122134,20.956405785915607,26.27605763863525,13.326946278892558,13.935204470408944,72.27221597300337,75.54882252621647,2.318834137668275,2.692786385572771,17.68852809228798,75.20371105075225,43.783,48.95,35.18
2011,9,1.2401574803149606,1.513779527559055,9.01253293455814,12.289325642668944,20.283628854233427,27.42896816919461,17.129498031496063,18.060236220472444,68.83202099737532,73.70453693288339,2.903674540682414,3.574146981627296,11.703085421308025,55.31956694235052,59.9038709677,101.03999999999999,35.89
2011,10,1.3296926593853189,1.6268732537465076,11.83945393526335,15.674793778555728,21.985411168002425,27.587054048280283,17.76174752349505,18.41832613665228,73.52226133023694,77.93098443339743,3.2747650495300986,3.8435356870713737,108.65810113834036,253.94985808893085,56.6406666667,184.78,31.09
2011,11,1.3543307086614174,1.5452755905511812,11.445987324645731,15.293954283272804,21.51242611977498,27.20707825963113,19.08877952755906,19.725354330708665,75.74428196475439,79.65879265091863,3.446194225721785,3.9835958005249337,113.29309976500744,242.1185949278237,84.9116129032,237.42000000000002,56.2
2011,12,1.078232156464313,1.3449326898653795,13.541254625769238,17.68759776998298,23.23763483520497,28.770424020232788,17.9745745491491,19.43178816357633,76.98755397510794,80.67818135636271,3.46828622228673,4.109347218694436,125.74236274300364,200.9853118773679,129.3058064516,302.8,77.39
2012,1,0.9956819913639828,1.23253746507493,13.73324558441469,17.83369282824872,23.00339050795598,27.498294409107512,17.152765430530863,17.47960693421387,81.95689248521353,83.90906781813564,3.271463042926085,3.567818135636271,199.8268074587237,325.15030365916925,77.0875862069,199.63,50.64999999999999
2012,2,0.953027423296226,1.08284686396959,14.86222471515181,18.565403796713053,26.491502699835728,31.28358219950055,20.304588650556614,22.573445560684227,73.9905356658004,78.74287265815911,4.102430084170512,4.359974399751755,85.97064119388406,130.60396130252997,75.1090322581,118.36999999999999,42.72
2012,3,1.0210820421640845,1.1677673355346712,13.81842175989415,17.429312733011283,24.570053269566056,29.31979656952264,16.933604267208537,18.196088392176787,77.28146884865198,81.8770637541275,3.174053848107696,3.538100076200152,70.7266457106235,223.5187623436471,66.7016666667,87.93,51.46
2012,4,0.9507874015748032,1.1023622047244095,13.59061454105248,17.08929715872677,22.75347148045289,27.41102328562273,13.115748031496064,14.138307086614176,81.00112485939258,85.03937007874015,2.359448818897637,2.6477690288713904,86.42384105960264,132.6639606921598,66.1448387097,100.01,50.34
2012,5,0.99250698501397,1.1601473202946406,9.691925491520289,12.781146846207388,20.060165764729856,24.18441744595517,11.866294132588266,12.681407162814327,79.95028847200551,83.62966725933451,1.84004318008636,2.108331216662433,53.08618427076013,172.64339884640032,80.87699999999998,115.58,51.22
2012,6,0.8661417322834646,1.0305118110236222,10.408958199814856,13.4137292601296,19.54432813501389,23.40931424909208,9.188769685039372,10.055551181102365,83.65954255718034,85.92191601049868,1.4774278215223096,1.639501312335958,82.38624225592822,178.18136387218846,59.4403225806,81.31,44.36
2012,7,0.9963169926339852,1.1353822707645416,7.876212003225117,10.75111466394691,19.78089186898305,24.246990235061435,12.00142240284481,12.945631191262384,77.51369788453862,80.18796037592074,1.7847345694691383,2.108331216662433,40.39658803064055,113.9110995818964,39.5083870968,50.39,31.52
2012,8,1.102997205994412,1.2868300736601477,8.458180289571432,11.164729069470958,21.079759632281498,25.98055970946379,16.03922402844806,16.928536957073913,72.31394462788926,76.26047752095504,2.540894081788164,2.9140208280416555,1.5175328836939452,37.730605487228,29.9443333333,37.61,24.720000000000002
2012,9,1.3267716535433072,1.4911417322834648,10.06487217830948,13.511856440931426,22.466353343302718,28.0823898027487,15.978838582677168,17.188779527559056,69.7769028871391,74.16010498687663,2.920734908136483,3.5024934383202093,6.859797967467301,58.41643269142735,36.7648387097,39.440000000000005,26.23
2012,10,1.2865125730251463,1.4554229108458216,12.617961422635084,16.594916994576565,23.819041974764147,30.607086988581155,18.061080772161542,19.38690627381255,70.66838419391124,75.46355092710185,3.5075565151130297,4.115951231902463,52.70165105136265,166.74321726126894,40.7693333333,58.64999999999999,24.67
2012,11,1.3372703412073494,1.673228346456693,13.168767357402263,16.969949441002633,21.808516698711102,28.229936623228653,16.53387795275591,17.50444881889764,77.1522309711286,80.13779527559055,3.18261154855643,3.841994750656168,87.02124088259527,154.58922086245306,87.7987096774,174.39,47.25
2012,12,1.1403352806705611,1.2954025908051816,16.440828055764207,20.08383237659447,26.78656338940535,31.28711813715018,17.64664719329439,19.176250952501903,78.50974273377118,80.66421132842265,3.703200406400812,4.073025146050291,237.72392956328005,332.32081820123904,186.34,350.4,111.82
2013,1,1.2132152835734242,1.459232918465837,15.290929997430538,18.82631227129577,23.897031533496037,27.69262840170628,15.31206502413005,15.65447040894082,82.8994157988316,84.39801879603759,3.0807721615443224,3.3647447294894586,182.90047914059875,493.8358060592321,148.0796428571,207.40000000000003,101.5
2013,2,1.0027318013819702,1.189538807649044,15.887630848109378,19.041871395001067,26.72468816622996,30.42130802331614,16.334420697412824,17.692899325084365,80.89345974610316,82.58577052868391,3.434617547806524,3.7599831271091113,177.34534745323035,241.96458544964665,133.3883870968,367.39,94.86999999999999
2013,3,1.1436372872745746,1.354457708915418,14.891531310514022,18.77173336273611,23.498321974212843,28.17391514082324,15.225920751841503,15.690665481330964,83.1307376900468,84.9758699517399,2.9115443230886457,3.2128524257048507,142.82937101351968,233.0997214096063,90.7706666667,166.31,54.03
2013,4,1.045275590551181,1.1525590551181102,11.876379690949229,15.292245246742148,21.682475254575237,26.13437299722282,13.989947506561682,14.382913385826772,81.07049118860142,83.3753280839895,2.370538057742782,2.613648293963254,56.12353892635883,85.88431740993768,61.1619354839,70.54,54.769999999999996
2013,5,0.9296418592837186,1.0706121412242824,10.346321092129475,13.519478192556043,20.84711014326964,25.035076596536445,11.560988696977397,12.354927609855222,80.36576073152146,82.57810515621031,1.9003048006096008,2.0967741935483866,21.678060243537715,59.32994432551912,55.774,73.83,49.22
2013,6,0.9251968503937008,1.0393700787401574,10.75126397493413,13.918464715516627,19.753685110019227,23.978708253222244,8.594458661417324,9.933622047244096,82.82152230971128,85.13910761154855,1.4953412073490813,1.6343832020997373,11.38721884823144,63.681447798089465,56.4467741935,78.63,40.08
2013,7,1.0096520193040386,1.199199898399797,7.878830688231767,10.98900152297207,18.70888492257651,23.373176396000304,10.671675768351538,12.062471424942853,79.51848760840379,81.76457781486991,1.696405892811785,1.911861823723647,51.8478957487716,100.43183690908532,39.34,51.57,28.1
2013,8,1.1220472440944882,1.3001651003302008,7.770499824272454,10.594544865654568,20.76606873359015,26.082274948143144,14.76986283972568,15.8745364490729,71.4503429006858,74.80677818498495,2.4104648209296418,2.8001016002032,1.3939329203161597,22.35442670979945,39.2893333333,57.62,23.88
2013,9,1.1929133858267715,1.3966535433070866,10.350993377483444,13.802535070853803,21.883287046927293,27.24097415082248,16.247194881889765,16.968110236220472,72.4315710536183,75.29058867641545,2.9616797900262464,3.3148293963254587,31.73543504135255,58.32741128923261,50.9732258065,83.91,36.45
2013,10,1.3087376174752352,1.503048006096012,12.000158499355669,15.73984742714198,21.37139844670632,26.66141781119281,16.32697485394971,17.0248158496317,76.98211110707936,79.98793497586995,3.065913131826264,3.49517399034798,80.47959837641525,134.93682668538466,63.2493333333,118.97,34.92
2013,11,1.1161417322834646,1.328740157480315,13.328989532151253,17.155949583422345,22.791639962970876,28.266396069215983,18.45893700787402,18.848287401574805,77.83464566929133,80.60367454068242,3.5332020997375326,3.952887139107611,103.30210272530287,209.8285949714216,98.9761290323,266.76,57.83
2013,12,1.15252730505461,1.3906527813055627,14.60347595978251,18.631978278697,24.69133973303196,30.216213794956964,19.41441452882906,20.715084455168917,77.85115570231139,80.85380456475198,3.8086287601146624,4.419735839471679,102.62916959135715,206.3511198113084,75.9341935484,269.21,29.36
2014,1,1.0058420116840234,1.1630048260096522,15.41251180131072,18.792958493842647,27.684358870106337,32.35416336459676,23.840347980695963,25.223723647447297,72.1996443992888,75.00635001270003,4.752413004826009,5.1109558885784425,73.42753379924922,177.1359141819513,33.1003571429,55.16,19.59
2014,2,1.065101237345332,1.2475393700787405,15.142063661610766,19.104129154332103,27.95175023651845,33.15881832331309,21.42450787401575,23.318363329583804,67.39715571267877,72.48664229471316,4.544150731158604,4.811023622047244,79.07650990325632,120.52713095492412,54.260322580600004,140.62,34.58
2014,3,1.0972821945643891,1.2801625603251208,14.80566600740123,18.365699361178685,25.370819579494324,30.19002694489046,17.323787147574297,18.48420116840234,77.12906854385137,80.6229362458725,3.429133858267716,3.676784353568707,57.09173863948487,163.68264673953317,55.7493333333,75.61,40.86
2014,4,1.0767716535433072,1.2066929133858266,12.77782525101474,16.30385245317952,22.96183151748202,27.38652709535,14.813779527559058,15.148149606299214,79.66066741657292,82.1259842519685,2.6145013123359577,2.8627296587926505,67.93191320535908,133.94459364604631,37.9858064516,41.35000000000001,33.91
2014,5,0.99250698501397,1.1601473202946406,9.938081882145392,13.030473223945808,20.830846731123074,25.00254977224332,12.454102108204218,13.07738125476251,78.10878478899815,80.92456184912369,2.0133985267970536,2.18757937515875,23.75179296243172,61.01546525467693,33.2746666667,38.13,23.11
2014,6,0.9107611548556428,1.0255905511811023,9.358165227210304,12.707327494125188,20.51961831517482,24.75518051698355,10.846033464566933,11.528425196850394,78.71391076115486,81.29921259842519,1.6804461942257216,1.891994750656168,7.093264564958644,44.90504383765896,31.3841935484,46.29,22.4
2014,7,0.982981965963932,1.133477266954534,8.449467747350058,11.390625107676192,18.895914162261995,23.10937833796197,10.76415417830836,11.30961391922784,78.10515621031242,80.58166116332232,1.6831978663957328,1.8854457708915413,22.247993408001943,65.4084139530625,28.4993548387,32.62,21.68
2014,8,1.0687071374142747,1.208724917449835,8.032988539807459,11.206628029577358,20.632653623777664,26.00702221058362,14.943418211836423,15.575565151130304,70.73914147828295,73.76174752349505,2.426974853949708,2.7885445770891537,21.63823358867152,41.48838770714437,30.2066666667,43.38,17.6
2014,9,1.263779527559055,1.468503937007874,10.7474898525956,14.544541764580218,22.374207790358188,28.28491063163142,16.573149606299214,17.562795275590553,69.750656167979,73.39895013123359,3.0853674540682414,3.5997375328083985,39.51765495773185,85.19078428209568,23.3222580645,37.37,16.92
2014,10,1.413512827025654,1.5821056642113285,11.51639090075873,15.278407563864905,23.29227281184748,29.65526390142718,20.33630302260605,20.955359410718824,66.77673355346711,70.87249174498348,3.833629667259334,4.447802895605791,12.888729514450487,74.29338751095393,30.626,52.39999999999999,18.88
2014,11,1.2598425196850396,1.4783464566929134,13.93384604429253,17.68689026561276,23.610695720287687,28.72527237769708,17.981692913385828,18.740196850393705,76.17547806524183,79.64941882264718,3.5656167979002618,3.8692913385826766,74.17371135593739,147.72942289498573,36.7516129032,61.91,19.66
2014,12,1.207772415544831,1.4601854203708409,14.838881959327686,18.63473478923031,25.451585338120477,30.083625638304472,20.18681737363475,21.416002032004062,74.74872092601326,79.22275844551689,4.141541783083566,4.393319786639573,71.54034546952722,177.68868068483533,33.4641935484,49.309999999999995,19.24
2015,1,1.1442722885445773,1.333502667005334,15.955249035959664,19.813694344329512,27.50160222174749,32.37042677674332,20.97225044450089,22.639395478790963,72.09441561740266,75.3746507493015,4.56750063500127,4.7647955295910585,80.51164281136509,175.7768050608408,85.0771428571,156.67,48.309999999999995
2015,2,1.1115016872890888,1.265466816647919,15.555284279915767,19.1346476638081,25.508438367870117,29.43250831629383,17.091001124859392,17.789074803149607,79.89715571267877,83.07086614173228,3.4519825646794144,3.800196850393701,149.5994445631275,254.01558187898104,74.5751612903,157.7,47.14999999999999
2015,3,1.015748031496063,1.16252857505715,14.973537498880168,18.683249374616675,23.76487654278449,27.99115849246439,15.611036322072646,16.67010414020828,82.05486410972823,84.33324866649733,3.0642621285242564,3.2277114554229103,172.6989043855098,266.25099730129176,51.5316666667,73.0,35.0
2015,4,1.0271653543307089,1.2874015748031495,13.702271594388662,17.511998860642315,22.40895819981485,26.87723420921456,14.489133858267715,14.908031496062993,80.498687664042,83.1528871391076,2.526640419947506,2.8934383202099734,46.31107516708881,97.33300925582796,43.0516129032,57.190000000000005,32.86
2015,5,0.9010668021336042,1.1468122936245873,11.006229713805292,14.728483712468387,19.910999166155563,23.78362081441104,10.406908813817628,11.29730759461519,82.2235930186146,85.50419100838202,1.7591440182880362,1.9052578105156208,37.740905484176174,79.48850978118223,43.2603333333,59.85000000000001,34.6
2015,6,0.9948818897637794,1.2303149606299213,9.35377056184576,13.059104180018515,19.53734956918037,23.5691091647084,11.195551181102363,12.755944881889766,80.01312335958005,83.32283464566929,1.7128608923884512,1.8834645669291337,33.75652333140047,85.36637470625932,33.3629032258,43.78,28.279999999999998
2015,7,0.9361188722377444,1.102997205994412,9.98194977834702,13.51534342675607,19.6578136736705,23.91648462211686,10.61466852933706,12.115316230632462,79.47313037483218,81.99136398272796,1.7921640843281683,1.9052578105156208,18.79177220984524,47.180852687154754,22.9822580645,28.66,20.07
2015,8,0.9715519431038864,1.1091884683769369,8.869796224958826,11.823672912460117,21.821260965743463,26.653423930646195,15.91254127508255,16.49274828549657,70.53594107188214,74.70154940309881,2.5334645669291334,2.8909067818135634,10.531746879482384,30.223624378185377,37.7883333333,73.57,18.81
2015,9,1.1590551181102362,1.3326771653543308,12.048351491846471,15.945666880296232,22.198461867122408,27.985544399344867,14.22994094488189,15.2798031496063,74.38320209973753,77.81214848143983,2.7194225721784777,3.2397637795275585,65.4358806115909,147.03932309945984,28.874516128999996,51.47,15.04
2015,10,1.2560325120650242,1.5754381508763018,14.332176255221372,18.05228411354067,25.055061297902988,30.09217082095775,18.195364490728984,19.349022098044195,74.10464820929641,76.93856816285061,3.5496570993141985,4.140716281432562,47.21060823389387,109.5645008697775,55.72566666670001,94.5,31.720000000000002
2015,11,1.110236220472441,1.3562992125984252,15.845830662963753,19.705547247739087,23.774193548387096,28.95171971800897,15.64708661417323,16.269448818897636,81.92163479565055,83.79002624671917,3.1297244094488184,3.5860892388451435,131.59962767418435,269.5273772828935,107.2429032258,175.75,64.01
2015,12,1.0353695707391417,1.367792735585471,15.779383663934112,19.953173777315296,25.20188486252396,29.77627471383975,17.800114300228604,19.35433070866142,78.9016292318299,82.21996443992887,3.764287528575057,3.975615951231902,172.55241554002495,259.9003134686902,120.2193548387,362.38,65.53
2016,1,1.086487172974346,1.5468630937261876,15.450275995617147,19.4104168533054,23.85623517760296,28.86056191467221,18.38792227584455,18.605816611633223,78.90525781051562,82.21361442722885,3.5638085561885404,4.015240030480061,157.76161992248294,335.9829575923512,106.6079310345,186.95,50.17
2016,2,1.0229432527830573,1.2747759978278577,16.00641625352673,19.855137054416605,26.363914282978143,30.41698281386972,18.571219114852024,20.1776812381211,77.67154105736782,81.09557426011403,3.8394651099647024,4.057426011403747,178.30324716940822,254.93179113132112,116.17451612900001,209.8,82.96000000000001
2016,3,0.9779019558039116,1.2915925831851662,15.139065956405789,18.848364355562293,24.618016552845752,29.12684083219053,16.450038100076203,17.080556261112523,80.3022606045212,83.7757175514351,3.16002032004064,3.552959105918211,184.23604541154208,245.3812415801612,49.3946666667,84.0,35.66
2016,4,0.9350393700787402,1.1476377952755905,14.017080192470065,16.957986185288043,25.366018656982128,29.54560991241188,17.32323818897638,18.45818897637795,72.41469816272965,76.74278215223096,3.116076115485564,3.557086614173228,2.114932706686602,39.31754073131064,45.7480645161,64.56,36.31
2016,5,0.99250698501397,1.213487426974854,10.682546464430676,13.690244020094962,20.004031396654973,24.31783255576765,11.430505461010922,11.94230378460757,80.72136144272288,83.30708661417323,1.8590297180594355,2.114935229870459,45.14145329142124,88.30236431252696,87.92433333329998,307.94,43.21
2016,6,0.8897637795275591,1.0905511811023625,7.9920244961902736,10.858719646799118,17.223741365805026,22.477604500462864,11.063149606299216,12.33704724409449,80.20997375328083,82.96062992125984,1.521784776902887,1.8322834645669288,107.52739036225466,176.67241431928463,37.4029032258,43.269999999999996,28.92
2016,7,0.9461518923037846,1.1849123698247397,8.093769597067073,10.820027427279806,19.75911543576986,25.16518389370896,13.032499364998731,14.577305054610113,70.24384048768098,74.43303458035487,1.9845059690119375,2.4533909067818134,0.0686666463209917,1.917516098513729,35.42,52.34,28.46
2016,8,1.09004318008636,1.265466816647919,8.958418038604929,11.987133987085748,20.714659812143807,25.95216765097064,14.627978155956312,15.31713233426467,72.46815922203272,75.53213106426213,2.422021844043688,2.7967995935991867,19.203772087771178,76.29551072725607,28.3636666667,32.49,25.59
2016,9,1.2385826771653543,1.470472440944882,11.248664815210423,14.468062379833368,22.19490137435021,27.38795129245888,16.09216535433071,17.615157480314963,72.88151481064867,75.23622047244093,2.9830052493438317,3.546850393700787,22.735526596881016,61.03680096264095,43.2012903226,65.71,28.6
2016,10,1.3529337058674118,1.579248158496317,13.341890001447169,16.924871305414477,23.35980731991372,28.17419079187656,17.204343408686817,18.81864363728728,76.01146630864692,78.53187706375412,3.3928117856235707,3.914528829057658,71.18442335276347,181.2730796227912,66.6776666667,157.4,30.23
2016,11,1.23503937007874,1.5255905511811023,13.142277291177098,16.90586057110304,22.809727266253645,27.71779534287545,18.445098425196853,19.00275590551181,77.76902887139107,80.49343832020998,3.4845800524934374,3.976771653543307,121.16916409802542,215.57305041221784,61.8616129032,77.42,44.76
2016,12,1.3385826771653544,1.5582931165862333,14.486599913169918,18.17081406647325,25.484801290046928,30.488005733541907,21.311760223520448,21.893234061468124,73.62204724409449,77.46761493522988,4.229870459740919,4.685547371094741,97.37445448164308,208.31792875235968,124.404516129,201.51000000000002,56.730000000000004
2017,1,1.0896621793243586,1.2211074422148844,16.01673891021356,19.608609960650814,25.516638986706724,29.08935228893744,16.168440436880875,19.234886969773942,80.63246126492253,82.70891541783084,3.557912115824231,3.852498276425124,184.27838984344,422.3067415387432,66.0521428571,130.76,37.36
2017,2,1.151996625421822,1.2781214848143982,15.270699179052096,18.96191290017396,26.040070802941983,30.01754814294869,19.62362204724409,21.895767716535435,74.4215008838181,78.07528523220311,4.058844206974127,4.284067170175156,57.81502731406598,132.25882747886587,107.5209677419,233.82999999999998,53.64999999999999
2017,3,1.1308102616205231,1.2068199136398272,14.385573802123892,17.892957804715014,24.14555064743541,28.02258271254419,16.790452755905513,17.978917957835915,79.11571537428789,81.15316230632462,3.2252349504699005,3.401066802133604,205.0701925717948,285.18631550035093,56.877,66.15,50.99
2017,4,1.0492125984251968,1.2238470191226096,13.1825820693584,16.431033255002493,21.696574805953144,25.67635120700705,13.105462598425198,13.840590551181103,80.67116610423696,83.33333333333333,2.390157480314961,2.5351706036745405,36.95638904995874,123.7990966521195,58.3574193548,97.04999999999998,41.519999999999996
2017,5,0.9029718059436118,1.0616314089771035,10.916091819365864,14.29681416295112,20.136757378834133,23.883957797823737,10.762887350774704,11.6245110490221,82.20091440182881,84.73456946913893,1.8012446024892044,1.9247396494792988,49.33927426984464,100.77517014069024,47.82299999999999,65.66,38.21
2017,6,0.9609111361079864,1.03177727784027,8.937274290190334,11.801253293455812,19.9282916755679,23.736594744712665,10.431062992125984,11.645118110236222,79.9737532808399,81.65354330708662,1.642060367454068,1.7730596175478062,25.862147892696896,58.54689931943723,36.1683870968,38.51,30.4
2017,7,0.9505969011938024,1.1220472440944884,6.421109160770524,9.446596054055172,19.269283513999625,22.981200598162783,13.25220345440691,13.823289306578612,75.62502267861679,78.53695707391414,1.9234188468376927,2.0647447294894588,0.7827997680593342,14.718695638904988,38.4006451613,58.68,30.85
2017,8,1.0801371602743204,1.2159367175877211,8.494103528628823,11.921529036392831,19.591243944290923,24.2370667971415,13.092583185166372,13.762481584963172,75.55668444670222,77.99085598171196,2.159512319024638,2.417068834137668,28.723258156071665,69.53871272927027,26.264000000000003,33.23,23.259999999999998
2017,9,1.0807086614173227,1.3000562429696287,9.211554307687612,12.8790856654561,23.365805027415792,29.103254290393792,19.10878937007874,20.391401574803147,64.58442694663167,69.77034120734908,3.369422572178477,3.88771653543307,23.23221533860286,42.23456526383251,31.112580645200005,58.17,21.83
2017,10,1.2715900431800864,1.5212816139917995,13.24458517962112,17.029067403573816,23.66522868700512,28.188524646649807,16.539620904241808,17.75161290322581,73.89963351355274,76.83515367030734,3.383731267462535,3.695495724324781,70.60533463545637,125.3337961973937,51.9143333333,135.97,25.82
2017,11,1.3543307086614174,1.7280652418447695,12.575731681264685,16.284056113366088,22.726838994516843,26.60378836430962,18.70429133858268,19.474015748031498,77.14098237720285,80.32808398950131,3.5912073490813645,3.882257217847768,125.62791833246858,172.5533964921153,48.2319354839,97.32,24.46
2017,12,1.1282385064770128,1.5253637650132446,14.86203664780754,18.58897671437727,24.274830991447924,28.60398591423117,17.88245808991618,19.45881381762764,79.69991654269022,82.51206502413005,3.661099822199644,4.009296418592837,120.95171971800892,183.58812655589895,148.6083870968,314.39,48.42
2018,1,1.0510858521717044,1.4454216408432816,15.316309583697995,18.93574573946841,25.11115628725597,28.40959679142174,18.276441452882903,19.3988506477013,79.88950977901956,82.27076454152908,3.685275227693313,3.9775028121484817,222.04733420819727,430.1192892239142,103.8375,174.42000000000002,77.43
2018,2,0.9875913948256468,1.4131046119235096,14.704886013367108,18.398236030152287,24.199194311349835,27.73476363414411,17.990241844769404,18.493159448818894,80.23762654668167,82.22722159730033,3.4850152659488987,3.752671541057367,91.3609729300821,181.4344462416455,100.72096774190001,118.33,64.03
2018,3,0.9906019812039624,1.4219492724699736,15.773476855648436,19.45700188131844,25.560743155239784,29.40800490658875,17.755775336550677,18.71150622301245,80.46736093472187,82.38506477012955,3.496412242824485,3.789052578105156,132.34122745445114,261.3511416102437,60.2296666667,123.13000000000001,42.8
2018,4,0.9621062992125986,1.3357705286839143,12.876522110660115,16.088656270027773,23.270027771843623,26.898312326425977,16.298248031496065,16.908267716535434,79.29133858267716,80.83989501312335,2.8095988001499808,3.026509186351705,8.349864192632793,124.80162968840597,44.5790322581,54.64999999999999,39.76
2018,5,0.967265684531369,1.371874886606916,10.153975724986882,13.430029425749945,21.174307943574227,24.827235702324423,13.684191643383288,14.298602997205997,78.2793279872274,79.75615951231902,2.1644653289306577,2.400558801117602,14.488662373729651,41.62743766594436,42.1593333333,45.13,37.01
2018,6,0.7780511811023622,1.2165354330708662,9.897590055035048,13.566972869045076,20.024709819839067,23.70868048137862,9.856387795275593,10.462480314960631,80.3740157480315,82.53280839895014,1.5955708661417318,1.8152230971128605,18.24472792748796,57.09925927217712,35.25,46.5,32.7
2018,7,0.8339154178308357,1.3884756340941256,7.725273362165121,11.482072344618947,20.97046398963552,24.829992212857743,12.717602235204472,13.876327152654309,75.0988787691861,78.68935737871476,1.989046228092456,2.2816865633731265,10.492263557847783,22.66980280683091,43.1777419355,55.62,35.16
2018,8,0.9715519431038862,1.448347182408651,9.351220789602444,12.245419024057446,19.11326501781395,23.31308446637402,12.740405130810265,14.080708661417324,77.93279872274032,81.03886207772415,2.147955295910592,2.514478028956057,59.03271584215824,98.90572069460129,36.8553333333,58.60000000000001,30.84
2018,9,1.1683070866141732,1.641169853768279,11.336965035960976,14.449975076550595,21.403617460656555,26.29844050416578,15.617539370078742,16.98681102362205,76.11923509561304,79.2257217847769,2.8627296587926505,3.3045931758530176,42.47718741416668,92.98150578325748,65.0964516129,96.4,43.78
2018,10,1.123952247904496,1.4382778765557531,13.201376877011391,17.012803991427255,21.22185775027393,25.240160980215148,13.633518542037086,14.835737871475745,82.29616459232918,85.16637033274067,2.664719329438659,2.9685039370078736,115.17456587420268,263.1958220160527,98.3366666667,277.09,43.440000000000005
2018,11,1.2814960629921262,1.6397637795275593,13.750836715801466,17.347931353699348,22.60635191910561,26.530299793491416,16.960629921259844,18.325538057742783,80.08530183727035,83.24146981627295,3.4069553805774277,3.671391076115485,152.57042146061585,305.1459929197058,73.5296774194,198.29,48.0
2018,12,1.1210947421894844,1.3601727203454406,14.378062310920605,17.971242703861183,25.309073743548044,29.04524812040438,21.554267208534416,22.685001270002545,76.40970281940562,78.5750571501143,4.226332595522334,4.523749047498094,135.0054933317056,184.12765020556395,86.06096774189999,206.48999999999998,50.67
2019,1,1.0896621793243586,1.1925323850647702,16.040425211439125,19.7158382203968,27.73342475759935,31.212968003803987,23.085318770637542,24.630848361696724,75.16963605355782,78.498856997714,4.674933778438985,5.008672303058892,149.7962889492477,275.032235175634,94.8517857143,168.13,56.57
2019,2,1.0176462317210349,1.240458781937972,15.400708029419844,19.053163243507186,25.109256263924067,28.63719595934935,16.85777559055118,17.948966535433073,80.75084364454443,82.94431946006749,3.4515908725695,3.667979002624672,140.32029175695058,313.18685720389414,128.0674193548,212.84999999999997,77.57
2019,3,0.9496443992887986,1.2268224536449073,15.261730675138342,18.944566573175017,24.61829220389908,28.1212657896369,16.69544069088138,17.4504699009398,82.251714503429,84.32816865633731,3.228183170652055,3.3914909829819657,114.96856593523972,380.9076204718161,75.459,104.19,58.559999999999995
2019,4,0.9232283464566928,1.1043307086614174,14.353129673146764,17.66581214840134,24.207149469486573,27.622374136580504,15.43034448818898,16.457952755905513,80.22965879265091,82.79527559055119,2.8294619422572174,3.0100174978127723,59.32283242286443,124.50464644306771,79.1767741935,217.29,57.39999999999999
2019,5,0.8410591821183643,1.2088609891505495,12.423017059846796,15.959541316647256,22.12213409045489,25.629931569626013,12.310950596901195,13.200685801371604,81.41623426103995,83.04546609093218,2.089344678689357,2.273431546863093,65.1463362529374,232.1138645588549,56.239,83.21000000000001,38.68
2019,6,0.8331692913385826,1.147075365579303,9.239061657561978,12.85003204443495,21.08787296161789,24.19860428683329,12.268976377952756,13.16437007874016,78.73453318335207,81.52230971128608,1.8621391076115483,2.008346456692913,21.89550462355417,64.9311807611316,59.82129032260001,199.38,37.47
2019,7,0.9610744221488444,1.3130919118981097,6.553972968476349,10.209529256913672,19.789161400583,23.070787190495555,13.667722885445771,14.474269748539498,72.17061576980298,77.73368046736093,1.9911099822199645,2.2057404114808223,34.864345225379175,141.3022247993408,43.0596774194,46.55,39.64
2019,8,1.0563246126492254,1.491073696433107,8.773554628624195,12.069278000978562,19.724521228576748,23.70202810262489,13.3624174498349,14.622910845821693,76.14209514133313,78.78460756921514,2.209867919735839,2.608585217170434,19.483016449476583,76.16210124297525,46.7803333333,59.36,39.68
2019,9,1.1146653543307086,1.5897075365579303,11.8879868973866,15.279997151605782,21.49647511215552,26.4001281777398,13.758681102362209,15.395,76.82852143482064,80.80380577427822,2.630708661417322,3.186876640419947,41.65318765831478,107.71050141911068,40.2132258065,54.0,35.18
2019,10,1.2072961645923292,1.6434740012337168,13.345542377903811,16.81295697776185,23.78362081441104,28.626258519340368,19.009934594869197,19.89460248920497,75.12065024130048,77.96863093726188,3.644177038354076,4.1456692913385815,37.41988891262548,89.07535455968329,47.646,64.07,35.53
2019,11,1.3179133858267718,1.7643419572553432,14.110873744926298,17.772911770989104,22.36309905290892,27.04813786228014,16.529015748031497,17.861259842519686,79.14698162729658,81.69103862017248,3.248293963254593,3.780577427821522,112.7506332590716,185.0978118228705,58.42387096769999,76.03,48.72
2019,12,1.163004826009652,1.6744983489966982,14.561990476256106,18.648792992950224,23.947357540090003,28.553210990207496,18.85918211836424,20.2982981965964,78.15595631191262,80.81026162052324,3.838582677165353,4.201803403606807,111.88543351542704,155.2484206671346,99.35225806449999,162.51000000000002,59.309999999999995
2020,1,1.0853759207518414,1.5659131318262638,15.1527106835457,19.16012569688032,24.949900421056988,29.15468158857702,19.15308610617221,19.890379730759463,78.07975615951231,81.750063500127,3.8006096012192017,4.157226314452628,160.41215247047333,288.0050813318277,149.6731034483,232.41,81.4
2020,2,1.0166644040184634,1.4947054032039098,15.368474169238816,19.46824654325262,23.708867100310133,27.525175139411708,14.99614444746131,16.22846185175129,83.05729025251154,86.21853302819906,3.1170047709553543,3.2822970404561493,246.5430158391064,417.8794595171971,94.5732258065,220.02,62.019999999999996
2020,3,1.0244157988315976,1.4782829565659132,13.616920839908758,17.253723012039057,23.248030817787765,27.85994859107856,18.268840487680976,18.968129286258577,76.72085344170688,82.00043542944229,3.2821945643891284,3.708153416306832,60.886715292825095,188.8097345325654,52.1783333333,73.9,43.79
2020,4,0.971456692913386,1.3690944881889764,11.909349854019796,15.049277219967244,22.0823898027487,26.60150964893541,15.38452755905512,16.787834645669292,74.93438320209974,79.8631421072366,2.6389951256092985,3.0742782152230967,1.0643330179753714,56.28948332163456,40.6496774194,48.45,33.48
2020,5,1.126492252984506,1.3737798904169236,8.468920835970888,11.52569412380867,20.69026469392396,24.70594923885853,13.458696342392686,14.278333756667514,72.8219456438913,76.26365252730506,2.155384810769621,2.417068834137668,10.684530167546596,48.45633564256718,39.622,45.12,36.33
2020,6,0.984251968503937,1.2260967379077616,9.85008290861741,13.611407818842128,21.36929431033255,25.314035462508013,10.703346456692914,11.958730314960633,75.43307086614172,79.16666666666666,1.7990157480314957,1.9517060367454064,28.30896938993497,109.67780083620713,36.1964516129,45.43,31.96
2020,7,1.0643528429914002,1.366159875176893,8.732876408896834,11.802309955826916,21.08251614281481,25.38184562162758,12.716335407670815,13.660121920243842,71.03124206248413,75.59055118110237,2.034036068072136,2.3097536195072386,1.126132999664292,49.88828045638248,39.818064516099994,60.95,30.89
2020,8,1.15252730505461,1.4020828041656084,8.112307130403623,11.533274527775289,20.72224021611043,25.36916567317433,14.426552578105158,15.913385826771654,70.28194056388112,74.13004826009652,2.4451358902717804,2.720853441706883,34.58281197546308,80.60777611621447,35.972,67.39,24.65
2020,9,1.1909448818897637,1.3551743532058491,12.591886145613982,15.904650003560494,24.526454461297444,30.341451256853947,15.532450787401576,17.61515748031496,64.58005249343832,71.16797900262466,3.1928477690288712,3.654330708661417,31.174657429731138,116.48511786684335,37.3261290323,69.04,31.970000000000002
2020,10,1.4189556950542477,1.5982981965963934,13.420932940990005,17.239113506212483,23.87706652149045,29.110577420043963,16.31285877571755,17.440335280670563,71.01854203708407,74.9745999491999,3.387858775717551,3.8435356870713737,61.358226264229245,148.50829885468391,69.2656666667,101.93,41.64
2020,11,1.288976377952756,1.5250281214848145,12.772057252723776,16.432172612689595,22.86783450829595,28.23791212703838,18.339064960629923,20.09887139107612,73.91076115485565,79.96625421822272,3.5391732283464563,4.014304461942257,122.0494705038606,204.09198714734768,124.58354838710001,223.73,53.99
2020,12,1.1220472440944882,1.3577914655829313,15.636340456615969,19.33185630310589,24.57529063957936,29.143379895390424,15.186649098298195,16.293434086868174,79.28625857251714,84.51866903733807,3.193040386080772,3.5645161290322576,230.01953184606452,340.17947063465414,138.9432258065,329.86,63.46
2021,1,1.0096520193040386,1.3163576327152655,16.506275491569507,20.269069884433296,27.86018486340998,30.63603034918097,18.16496062992126,20.896240792481585,75.90805181610362,78.94335788671577,4.013176276352552,4.303340106680213,147.42957853938412,265.54078798791465,130.1364285714,249.87,71.36
2021,2,1.0883014623172105,1.3081763217097864,15.589443211593546,18.85601367229225,25.6233187571119,29.070558793908507,16.938723284589425,17.463681102362205,77.44656917885264,82.26237345331833,3.407982484332315,3.776434195725534,196.10507522812583,318.9909054841761,80.33935483870002,97.24,50.05
2021,3,0.8667767335534671,1.122999745999492,15.235839165486125,19.098655511987378,26.758053194746484,29.92870974633212,17.398348996697994,18.468999237998474,77.73685547371095,81.26111252222503,3.49517399034798,3.6751333502667,86.09767448957788,177.93588061159087,54.9346666667,64.79,50.87
2021,4,1.0866141732283463,1.2913385826771653,11.753420616270434,15.667663604642884,23.65460168258716,26.29559210994801,15.668031496062994,16.383336614173228,76.30183727034121,77.71653543307087,2.8166666666666664,2.980446194225721,25.310525833918263,107.50278481398963,52.1906451613,70.57,43.809999999999995
2021,5,0.9239268478536956,1.1553848107696214,10.701773125400557,13.611959120948791,22.72283680374728,25.16628649792228,12.474371348742698,13.386487172974348,75.17145034290068,78.09880619761239,2.106916070974999,2.263525527051054,38.78749961851859,71.61244544816428,51.33833333329999,73.1,42.63
2021,6,0.8799212598425197,1.172244094488189,9.777540411592966,12.960264900662253,21.421704763939328,23.62750124617247,10.601614173228349,11.492706692913384,76.65354330708662,78.0652418447694,1.7708661417322833,1.8907152230971125,8.988464003418045,28.608241523483976,37.6874193548,48.2,31.27
2021,7,0.8648717297434595,1.22253619507239,5.691736473655142,9.823411043959451,20.854552721709588,23.619884088732075,12.713982727965458,13.984429768859538,63.56362712725425,66.29776116695089,2.0951231902463805,2.242062484124968,20.78997161778617,73.81664479506817,35.0032258065,41.190000000000005,32.55
2021,8,0.983458216916434,1.2115824231648464,8.919413414558509,13.708574815141512,20.028013038294823,25.92873731143745,14.151651003302009,15.125841376682756,65.62103124206249,74.86483544395661,2.307277114554229,2.763779527559054,12.87499618518629,94.23295541245768,35.3456666667,48.42,30.240000000000002
2021,9,1.110236220472441,1.3520809898762656,12.138289539272236,16.850316883856728,21.53151036103397,30.349996439507223,15.825866141732286,17.21720472440945,64.8031496062992,73.19085114360705,2.9633858267716526,3.7669291338582673,15.152439954832582,85.35435804315318,56.4048387097,101.81,31.48
2021,10,1.0944246888493776,1.3735077470154942,12.63973785584828,16.979174562920797,19.55926842210446,26.00150918951699,12.4490347980696,13.285140970281942,81.31826263652526,85.1504953009906,2.371666243332486,2.8314706629413253,161.45245216223643,300.0680944242683,47.889,99.28999999999999,30.02
2021,11,1.157972440944882,1.3877952755905514,12.094353058463293,16.805027415794346,20.80588193405968,27.75909705903297,18.788070866141734,19.934803149606303,73.41207349081364,80.04499437570303,3.3753937007874013,4.0364829396325455,79.22757652516248,145.93820437809816,54.3674193548,112.58,32.35
2021,12,1.0496570993141985,1.340850538843935,13.633459903108657,18.04566848826072,21.959913445569256,27.53688555657393,16.26471932943866,18.1490347980696,78.93065786131572,84.63296926593853,3.283020066040132,3.686690373380746,97.0122379222999,253.1378749961852,134.1374193548,226.17000000000002,66.59
2022,1,0.8782067564135128,1.068707137414275,15.648606928489226,19.890600988209027,23.8369592932307,28.51903025959438,16.092430784861573,17.30689611379223,82.08026416052832,86.23317246634493,3.285496570993142,3.506731013462027,215.15320291756944,300.2527586552673,150.4596428571,314.6,62.47
2022,2,0.93433633295838,1.1325928008998876,15.055543687246312,19.1422772911771,24.200415051728875,29.22559282204657,16.62214566929134,18.487549212598424,77.98087739032621,83.83818094166801,3.242166157801703,3.845894263217098,116.66463209936828,215.65152657944185,77.5722580645,184.42000000000002,41.49
2022,3,0.9744094488188976,1.0768714394571648,15.334364727691217,19.13090668522717,25.988553590010405,29.891772505185685,16.87786385572771,19.73437896875794,78.21945643891287,79.60738778620414,3.5347980695961385,3.79510625687918,89.26206244087037,221.97351756340217,116.156,323.11,55.14
2022,4,0.9173228346456692,1.108830146231721,13.223314106672364,16.486576942248806,22.86142562130599,26.81172114220608,15.146279527559056,16.16472440944882,79.50131233595799,81.64698162729658,2.6656824146981624,2.88763779527559,39.94338816492203,375.8777886288033,74.8612903226,214.62,49.43
2022,5,0.9334518669037338,1.203962407924816,9.43123835251241,12.74338265190096,20.08838061897444,23.299577564760767,12.469304038608078,13.648539497078996,75.38735077470155,78.75285750571501,2.0026670053340103,2.140250613834561,30.97209082308416,69.0328684347056,54.4653333333,71.47,44.17
2022,6,0.7716535433070866,0.9409448818897636,8.514898119042533,11.937976215908282,18.886633910133163,23.04899238054547,10.383937007874016,11.542887139107613,76.5485564304462,82.06364829396324,1.5567585301837266,1.753805774278215,11.451307718131014,56.5607165746025,37.9741935484,44.96,34.36
2022,7,0.8001016002032004,0.9283718567437136,8.256846729154136,11.492615997408882,21.49778445465885,25.39617947640082,13.361150622301246,14.42866395732792,68.38963677927356,75.52387604775208,2.01504953009906,2.250317500635001,3.687398907437339,23.588954915441917,35.9409677419,47.11,30.46
2022,8,1.1444310388620778,1.2602960920207555,8.791511325812655,11.818573367973483,19.69295918297028,23.7047846131582,13.261071247142494,13.836464312928626,73.39163249755072,75.35560071120142,2.2065659131318256,2.45504191008382,26.39774773400068,81.18114261299479,47.0923333333,167.78,30.83
2022,9,1.114173228346457,1.2270341207349085,9.336893826105534,13.075055187637968,19.288542334259063,23.75311543117568,13.297893700787402,14.27444881889764,75.18372703412072,77.1259842519685,2.359448818897637,2.681889763779527,124.83252967925048,184.4111453596606,55.6967741935,136.71,36.04
2022,10,1.0748983997967996,1.1987916832976524,13.223566786804582,16.804136144055242,22.754615432324226,27.29155611910882,16.62956565913132,18.038277876555757,77.54816938205305,80.18796037592075,3.1765303530607056,3.5830073660147312,80.31937620166624,118.81978384175716,61.580333333300004,159.37,37.03
2022,11,1.1151574803149606,1.2401574803149606,11.929502243110448,15.33611051769565,21.324289681691944,25.3473616748558,17.971220472440944,18.318905511811025,78.32583427071616,80.17060367454067,3.280708661417323,3.572440944881889,135.4586931974242,226.69606616412852,106.5464516129,210.73,60.47
2022,12,1.0953771907543814,1.3081026162052325,14.174976397378558,17.8108137908222,22.876728848950115,26.81633370316516,16.700508001016004,17.860922021844047,80.71047570666569,83.03276606553212,3.3647447294894586,3.5672678012022687,206.00680562761315,284.37997288212443,110.4712903226,198.98999999999998,59.08
2023,1,0.8886842773685547,1.141732283464567,14.884226557600732,18.67939025987003,24.352564588487432,27.837896506812022,17.404864109728223,19.070742316484637,81.01346202692405,82.95656591313183,3.609093218186436,3.786300905935145,164.14075136570327,224.10144788528527,227.3628571429,346.18,114.58
2023,2,0.9575365579302586,1.216957255343082,15.954771568956572,19.69924008911405,25.68208868678854,28.99151585436568,16.71751968503937,18.630610236220477,81.2007874015748,82.40063742032247,3.549775028121484,3.7746062992125977,272.24494155705435,347.7828302865688,142.9151612903,341.82,63.26
2023,3,0.9135853985993686,1.087757175514351,14.949555857240318,18.682146770403342,24.98738896431008,28.95428327280496,16.913335026670055,18.510985521971044,78.21945643891287,79.93395986791974,3.380429260858521,3.5876301752603497,122.8806802575762,187.8479110080264,96.3236666667,151.88,72.25
2023,4,0.9015748031496064,1.1299212598425197,12.882218899095635,16.470341095207576,21.71395001068148,25.675781528163498,14.38833661417323,14.977847769028871,80.52118485189351,81.95538057742782,2.484842519685039,2.685301837270341,113.28623310037536,167.0806647803321,59.9780645161,74.02,52.33
2023,5,0.7239014478028956,0.8483616967233935,10.453765934845936,13.259125772684358,20.6744147583574,24.612227880725783,13.508102616205234,14.226936753873508,78.71475742951485,81.41668783337566,2.059626619253238,2.205410210820421,26.57399212622454,85.59640797143463,55.9416666667,80.70000000000002,44.980000000000004
2023,6,0.5984251968503937,0.7723097112860892,8.08503474023662,11.24125899024425,20.13764865057324,23.53492843409528,11.975748031496064,13.099291338582676,78.74578177727783,81.9028871391076,1.706036745406824,1.7981627296587923,25.7477034821619,61.62488174077578,43.6758064516,45.92,41.08
2023,7,0.8439166878333756,1.0350520701041404,8.913349091385214,12.042953325385394,19.926022148562133,23.86852133883717,12.183001016002034,12.988703327406656,75.99695199390398,79.64820929641859,1.889573279146558,2.0532977732622126,3.5981322672200227,26.340525528733156,50.2612903226,66.13,46.01
2023,8,0.9458343916687834,1.0528321056642114,10.374024022989296,13.782449297434376,21.466498060105717,26.00536830426363,13.538506477012955,14.26211836423673,74.93014986029972,77.99403098806198,2.306451612903225,2.6102362204724407,33.7633899960326,110.53613391521957,50.79966666669999,81.51,40.67
2023,9,1.0570866141732285,1.1791338582677164,12.74250516271452,16.496546322010964,24.16228726055686,29.03802606280709,17.201496062992128,18.388372703412077,71.14610673665791,77.02099737532808,3.236351706036745,3.614523184601924,53.54396191290014,82.60597552415538,107.9535483871,210.73,56.93
2023,10,0.9567881635763272,1.0801371602743206,14.553445293602827,18.431579962924936,22.96810717312953,27.80261317198558,13.89195135890272,15.631305562611129,83.90362495010704,87.3507747015494,2.8682054864109725,3.2366268732537464,245.82659382915728,338.5471663563951,70.3176666667,165.92000000000002,31.44
2023,11,1.0068897637795275,1.1510826771653544,14.858292387666452,18.521469771416363,25.291817987609484,29.76066367585274,19.501505905511813,20.85463254593176,76.83727034120734,80.00656167979002,3.949475065616798,4.2811286089238845,131.79418317209388,189.42184863691256,53.1970967742,84.53,27.83
